{"cameraMode":{"drawMode":0,"name":"Shaded","section":"Shading Mode"},"sceneLighting":true,"audioPlay":false,"sceneViewState":{"m_AlwaysRefresh":false,"showFog":true,"showSkybox":true,"showFlares":true,"showImageEffects":true,"showParticleSystems":true,"showVisualEffectGraphs":true,"m_FxEnabled":true},"in2DMode":false,"pivot":{"x":2.514019012451172,"y":5.353539943695068,"z":2.4939117431640627},"rotation":{"x":0.2339666485786438,"y":-0.043733756989240649,"z":0.010535787791013718,"w":0.9712055325508118},"size":6.216435432434082,"orthographic":true}