{"cameraMode":{"drawMode":0,"name":"Shaded","section":"Shading Mode"},"sceneLighting":false,"audioPlay":false,"sceneViewState":{"m_AlwaysRefresh":false,"showFog":true,"showSkybox":false,"showFlares":true,"showImageEffects":true,"showParticleSystems":true,"showVisualEffectGraphs":true,"m_FxEnabled":true},"in2DMode":false,"pivot":{"x":-0.01159811019897461,"y":0.015411470085382462,"z":-0.12839621305465699},"rotation":{"x":0.14813660085201264,"y":-0.09626100212335587,"z":0.01449101697653532,"w":0.9841698408126831},"size":0.3278719186782837,"orthographic":true}