{"cameraMode":{"drawMode":0,"name":"Shaded","section":"Shading Mode"},"sceneLighting":false,"audioPlay":false,"sceneViewState":{"m_AlwaysRefresh":false,"showFog":true,"showSkybox":false,"showFlares":true,"showImageEffects":true,"showParticleSystems":true,"showVisualEffectGraphs":true,"m_FxEnabled":true},"in2DMode":false,"pivot":{"x":-2.817420721054077,"y":0.5167104005813599,"z":2.427851915359497},"rotation":{"x":0.033767808228731158,"y":-0.08534697443246842,"z":0.0028939563781023027,"w":0.9957767128944397},"size":4.601909160614014,"orthographic":true}