{"cameraMode":{"drawMode":0,"name":"Shaded","section":"Shading Mode"},"sceneLighting":false,"audioPlay":false,"sceneViewState":{"m_AlwaysRefresh":false,"showFog":true,"showSkybox":false,"showFlares":true,"showImageEffects":true,"showParticleSystems":true,"showVisualEffectGraphs":true,"m_FxEnabled":true},"in2DMode":false,"pivot":{"x":-7.943672180175781,"y":0.12393959611654282,"z":1.9503581523895264},"rotation":{"x":0.18463216722011567,"y":-0.482158362865448,"z":0.10473587363958359,"w":0.8499748110771179},"size":0.33834677934646609,"orthographic":true}