{"cameraMode":{"drawMode":0,"name":"Shaded","section":"Shading Mode"},"sceneLighting":false,"audioPlay":false,"sceneViewState":{"m_AlwaysRefresh":false,"showFog":true,"showSkybox":false,"showFlares":true,"showImageEffects":true,"showParticleSystems":true,"showVisualEffectGraphs":true,"m_FxEnabled":true},"in2DMode":false,"pivot":{"x":0.0274181067943573,"y":2.283900260925293,"z":-0.001905187964439392},"rotation":{"x":0.3946126401424408,"y":0.26656895875930788,"z":-0.12077195197343826,"w":0.8709897994995117},"size":1.344910979270935,"orthographic":true}