{"cameraMode":{"drawMode":0,"name":"Shaded","section":"Shading Mode"},"sceneLighting":false,"audioPlay":false,"sceneViewState":{"m_AlwaysRefresh":false,"showFog":false,"showSkybox":false,"showFlares":false,"showImageEffects":false,"showParticleSystems":false,"showVisualEffectGraphs":true,"m_FxEnabled":true},"in2DMode":false,"pivot":{"x":-0.01442950963973999,"y":0.818438708782196,"z":0.018130958080291749},"rotation":{"x":-0.17022506892681123,"y":-0.41868796944618227,"z":0.08022225648164749,"w":-0.8884193301200867},"size":1.2875053882598878,"orthographic":true}